{"chunk_definitions":[{"chunk_id":"cv3ml7v8ivbt5","chunk_label":"unnamed-chunk-1","document_id":"60F29034","expansion_state":0,"options":{"engine":"r","label":"unnamed-chunk-1"},"row":7,"row_count":1,"visible":true},{"chunk_id":"cbhkbx2duzrqj","chunk_label":"unnamed-chunk-2","document_id":"60F29034","expansion_state":0,"options":{"engine":"r","label":"unnamed-chunk-2"},"row":19,"row_count":1,"visible":true},{"chunk_id":"chjbcs1d32a2c","chunk_label":"unnamed-chunk-3","document_id":"60F29034","expansion_state":0,"options":{"engine":"r","label":"unnamed-chunk-3"},"row":24,"row_count":1,"visible":true},{"chunk_id":"coto7vauweiw3","chunk_label":"unnamed-chunk-4","document_id":"60F29034","expansion_state":0,"options":{"engine":"r","label":"unnamed-chunk-4"},"row":44,"row_count":1,"visible":true},{"chunk_id":"c3smzm0u4iz1b","chunk_label":"unnamed-chunk-5","document_id":"60F29034","expansion_state":0,"options":{"engine":"r","label":"unnamed-chunk-5"},"row":74,"row_count":1,"visible":true},{"chunk_id":"coltfphuxvjjq","chunk_label":"unnamed-chunk-6","document_id":"60F29034","expansion_state":0,"options":{"engine":"r","label":"unnamed-chunk-6"},"row":78,"row_count":1,"visible":true}],"doc_write_time":1515448963}