"0","pvalues <- numeric(n_tests)"
"0","for (i in 1:n_tests) {"
"0","    # 20 x 200"
"0","    homogeneous_data <- cbind(matrix(rnorm(1000, mean = 0, sd = 1), ncol = 50),"
"0","                              matrix(rnorm(1000, mean = 10, sd = 5), ncol = 50),"
"0","                              matrix(rbeta(1000, shape1 = 1.0, shape2 = 0.5), ncol = 50),"
"0","                              matrix(rbeta(1000, shape1 = 10.0, shape2 = 5), ncol = 50))"
"0","    # 1 x 200"
"0","    test_sample <- c(rnorm(50, mean = 0, sd = 1),"
"0","                     rnorm(50, mean = 10, sd = 5),"
"0","                     rbeta(50, shape1 = 1.0, shape2 = 0.5),"
"0","                     rbeta(50, shape1 = 10.0, shape2 = 5))"
"0","    "
"0","    data <- rbind(homogeneous_data, test_sample)"
"0","    distance_matrix <- as.matrix(dist(data))"
"0","    "
"0","    pvalues[i] <- Utest(c(20, 1), 100, distance_matrix)"
"0","    "
"0","    if (loading && i %% loading_checkpoint == 0) {"
"0","        print(paste0(""["", strrep(""="", i/loading_checkpoint), strrep("" "", 10-(i/loading_checkpoint)), ""]""))"
"0","    }"
"0","}"
"0","cat(""Proportion of p-values < 0.05:"", sum(pvalues < 0.05)/n_tests, ""\n"")"
"1","Proportion of p-values < 0.05:"
"1"," "
"1","0.012"
"1"," "
"1","
"
"0","cat(""Proportion of p-values < 0.10:"", sum(pvalues < 0.10)/n_tests, ""\n"")"
"1","Proportion of p-values < 0.10:"
"1"," "
"1","0.048"
"1"," "
"1","
"
