"0","```r
utest_sim <- function(n, L, mu, n_tests = 1000) {
    Bns <- numeric(n_tests)
    
    for (i in 1:n_tests) {
        # n x L homogeneous N(0, 1) data.
        homogeneous_data <- matrix(rnorm(n * L, mean = 0, sd = 1), ncol = L)
                                  
        # 1 x L test sample.
        test_sample <- rnorm(L, mean = mu, sd = 1)
        
        data <- rbind(homogeneous_data, test_sample)
        distance_matrix <- as.matrix(dist(data))**2
        
        #pvalues[i] <- Utest(c(n, 1), 100, distance_matrix)
        Bns[i] <- Bn(c(n, 1), distance_matrix)/sqrt(boot_sigma1(c(n, 1), distance_matrix))
    }
    #return(c(sum(pvalues < 0.05)/n_tests, sum(pvalues < 0.10)/n_tests))
    return(c(mean(Bns > qnorm(p = 0.95, mean = 0, sd = 1, lower.tail = TRUE)),
             mean(Bns > qnorm(p = 0.90, mean = 0, sd = 1, lower.tail = TRUE))))
}
```"
