"0","Bn_sd <- as.data.frame(as.vector(apply(df_result, 2, sd)))"
"0","rownames(Bn_sd) <- names(df_result)"
"0","Bn_sd <- rbind(filter(Bn_sd, str_detect(rownames(Bn_sd), ""^15/"") == TRUE)[[1]],"
"0","               filter(Bn_sd, str_detect(rownames(Bn_sd), ""^20/"") == TRUE)[[1]],"
"0","               filter(Bn_sd, str_detect(rownames(Bn_sd), ""^25/"") == TRUE)[[1]],"
"0","               filter(Bn_sd, str_detect(rownames(Bn_sd), ""^30/"") == TRUE)[[1]])"
"0","Bn_sd <- as.data.frame(Bn_sd)"
"0","names(Bn_sd) <- sapply(L_values, str_c)"
"0","rownames(Bn_sd) <- sapply(n_values, str_c)"
"0","Bn_sd"
