{"chunk_definitions":[{"chunk_id":"c5ak6kydly61b","chunk_label":"unnamed-chunk-1","document_id":"60F29034","expansion_state":0,"options":{"engine":"r","label":"unnamed-chunk-1"},"row":7,"row_count":1,"visible":true},{"chunk_id":"cr7xx7g83zlg6","chunk_label":"unnamed-chunk-2","document_id":"60F29034","expansion_state":0,"options":{"engine":"r","label":"unnamed-chunk-2"},"row":19,"row_count":1,"visible":true},{"chunk_id":"c6ttotema9etv","chunk_label":"unnamed-chunk-3","document_id":"60F29034","expansion_state":0,"options":{"engine":"r","label":"unnamed-chunk-3"},"row":24,"row_count":1,"visible":true},{"chunk_id":"cj8dmhjta5nbd","chunk_label":"unnamed-chunk-4","document_id":"60F29034","expansion_state":0,"options":{"engine":"r","label":"unnamed-chunk-4"},"row":44,"row_count":1,"visible":true},{"chunk_id":"cxvzulrkkon08","chunk_label":"unnamed-chunk-5","document_id":"60F29034","expansion_state":0,"options":{"engine":"r","label":"unnamed-chunk-5"},"row":77,"row_count":1,"visible":true},{"chunk_id":"cc9ivrn5xpgz3","chunk_label":"unnamed-chunk-6","document_id":"60F29034","expansion_state":0,"options":{},"row":81,"row_count":1,"visible":true}],"doc_write_time":1515349815}