"0","schroeder15_c <- c(1-faces_sim(schroeder15, schroeder75), faces_sim(rumsfeld15, schroeder75), faces_sim(blair15, schroeder75), faces_sim(powell15, schroeder75), faces_sim(bush15, schroeder75))"
"0","rumsfeld15_c <- c(faces_sim(schroeder15, rumsfeld75), 1-faces_sim(rumsfeld15, rumsfeld75), faces_sim(blair15, rumsfeld75), faces_sim(powell15, rumsfeld75), faces_sim(bush15, rumsfeld75))"
"0","blair15_c <- c(faces_sim(schroeder15, blair75), faces_sim(rumsfeld15, blair75), 1-faces_sim(blair15, blair75), faces_sim(powell15, blair75), faces_sim(bush15, blair75))"
"0","powell15_c <- c(faces_sim(schroeder15, powell75), faces_sim(rumsfeld15, powell75), faces_sim(blair15, powell75), 1-faces_sim(powell15, powell75), faces_sim(bush15, powell75))"
"0","bush15_c <- c(faces_sim(schroeder15, bush75), faces_sim(rumsfeld15, bush75), faces_sim(blair15, bush75), faces_sim(powell15, bush75), 1-faces_sim(bush15, bush75))"
"0","faces15 <- as.data.frame(matrix(c(schroeder15_c, rumsfeld15_c, blair15_c, powell15_c, bush15_c), nrow=5))"
"0","rownames(faces15) <- names(faces15) <- c(""Schroeder"", ""Rumsfeld"", ""Blair"", ""Powell"", ""Bush"")"
"0","faces15"
