"0","pvalues_at5 <- data.frame()"
"0","pvalues_at10 <- data.frame()"
"0","n_values <- c(5, 10, 15, 20, 25)"
"0","L_values <- c(50, 100, 200)"
"0","mu_values <- c(0.1, 0.5)"
"0","#for (mu_idx in seq_along(mu_values)) {"
"0","for (n_idx in seq_along(n_values)) {"
"0","    for (L_idx in seq_along(L_values)) {"
"0","        results <- utest_sim(n_values[n_idx], L_values[L_idx], 0.0)"
"0","        pvalues_at5[n_idx, L_idx] <- results[1]"
"0","        pvalues_at10[n_idx, L_idx] <- results[2]"
"0","    }"
"0","}"
