"0","schroeder5_c <- c(1-faces_sim(schroeder5, schroeder75), faces_sim(rumsfeld5, schroeder75), faces_sim(blair5, schroeder75), faces_sim(powell5, schroeder75), faces_sim(bush5, schroeder75))"
"0","rumsfeld5_c <- c(faces_sim(schroeder5, rumsfeld75), 1-faces_sim(rumsfeld5, rumsfeld75), faces_sim(blair5, rumsfeld75), faces_sim(powell5, rumsfeld75), faces_sim(bush5, rumsfeld75))"
"0","blair5_c <- c(faces_sim(schroeder5, blair75), faces_sim(rumsfeld5, blair75), 1-faces_sim(blair5, blair75), faces_sim(powell5, blair75), faces_sim(bush5, blair75))"
"0","powell5_c <- c(faces_sim(schroeder5, powell75), faces_sim(rumsfeld5, powell75), faces_sim(blair5, powell75), 1-faces_sim(powell5, powell75), faces_sim(bush5, powell75))"
"0","bush5_c <- c(faces_sim(schroeder5, bush75), faces_sim(rumsfeld5, bush75), faces_sim(blair5, bush75), faces_sim(powell5, bush75), 1-faces_sim(bush5, bush75))"
"0","faces5 <- as.data.frame(matrix(c(schroeder5_c, rumsfeld5_c, blair5_c, powell5_c, bush5_c), nrow=5))"
"0","rownames(faces5) <- names(faces5) <- c(""Schroeder"", ""Rumsfeld"", ""Blair"", ""Powell"", ""Bush"")"
"0","faces5"
