{"chunk_definitions":[{"chunk_id":"cwresar2696li","chunk_label":"unnamed-chunk-1","document_id":"60F29034","expansion_state":0,"options":{"engine":"r","label":"unnamed-chunk-1"},"row":7,"row_count":1,"visible":true},{"chunk_id":"c77tti7fxjooh","chunk_label":"unnamed-chunk-2","document_id":"60F29034","expansion_state":0,"options":{"engine":"r","label":"unnamed-chunk-2"},"row":19,"row_count":1,"visible":true},{"chunk_id":"c379quuktp4b9","chunk_label":"unnamed-chunk-3","document_id":"60F29034","expansion_state":0,"options":{"engine":"r","label":"unnamed-chunk-3"},"row":24,"row_count":1,"visible":true},{"chunk_id":"cl3azhgphe8gs","chunk_label":"unnamed-chunk-4","document_id":"60F29034","expansion_state":0,"options":{"engine":"r","label":"unnamed-chunk-4"},"row":46,"row_count":1,"visible":true},{"chunk_id":"cr0nsw1iwuq3e","chunk_label":"unnamed-chunk-5","document_id":"60F29034","expansion_state":0,"options":{"engine":"r","label":"unnamed-chunk-5"},"row":76,"row_count":1,"visible":true},{"chunk_id":"co0de6uaph1kx","chunk_label":"unnamed-chunk-6","document_id":"60F29034","expansion_state":0,"options":{"engine":"r","label":"unnamed-chunk-6"},"row":80,"row_count":1,"visible":true}],"doc_write_time":1514005310}