"0","rounded_Bn_mean <- round(Bn_mean, round_digits)"
"0","rounded_Bn_sd <- round(Bn_sd, round_digits)"
"0","Bn_statistics <- matrix(nrow = nrow(rounded_Bn_mean), ncol = ncol(rounded_Bn_mean))"
"0","for (i in 1:nrow(rounded_Bn_mean)) {"
"0","    Bn_statistics[i, ] <- as.vector(paste0(str_c(rounded_Bn_mean[i, ]), "" ("", str_c(rounded_Bn_sd[i, ]), "")""))"
"0","}"
"0","Bn_statistics <- as.data.frame(Bn_statistics)"
"0","names(Bn_statistics) <- names(Bn_mean)"
"0","rownames(Bn_statistics) <- rownames(Bn_mean)"
"0","Bn_statistics"
