"0","utest_sim <- function(n, L, mu, n_tests = 1000) {"
"0","    pvalues <- numeric(n_tests)"
"0","    "
"0","    for (i in 1:n_tests) {"
"0","        # n x L homogeneous N(0, 1) data."
"0","        homogeneous_data <- matrix(rnorm(n * L, mean = 0, sd = 1), ncol = L)"
"0","                                  "
"0","        # "
"0","        test_sample <- rnorm(L, mean = mu, sd = 1)"
"0","        "
"0","        data <- rbind(homogeneous_data, test_sample)"
"0","        distance_matrix <- as.matrix(dist(data))"
"0","        "
"0","        pvalues[i] <- Utest(c(n, 1), 100, distance_matrix)"
"0","    }"
"0","    return(c(sum(pvalues < 0.05)/n_tests, sum(pvalues < 0.10)/n_tests))"
"0","}"
