{"chunk_definitions":[{"chunk_id":"ch6vjnhrskvz0","chunk_label":"unnamed-chunk-1","document_id":"F256BA8C","expansion_state":0,"options":{"engine":"r","label":"unnamed-chunk-1"},"row":7,"row_count":1,"visible":true},{"chunk_id":"ckg8vdvx4d68s","chunk_label":"unnamed-chunk-2","document_id":"F256BA8C","expansion_state":0,"options":{"engine":"r","label":"unnamed-chunk-2"},"row":15,"row_count":1,"visible":true},{"chunk_id":"cc4o6rcf8sxa1","chunk_label":"unnamed-chunk-3","document_id":"F256BA8C","expansion_state":0,"options":{"engine":"r","label":"unnamed-chunk-3"},"row":19,"row_count":1,"visible":true},{"chunk_id":"cagln746ltbr1","chunk_label":"unnamed-chunk-4","document_id":"F256BA8C","expansion_state":0,"options":{"engine":"r","label":"unnamed-chunk-4"},"row":50,"row_count":1,"visible":true},{"chunk_id":"ceyizxoj7s374","chunk_label":"unnamed-chunk-5","document_id":"F256BA8C","expansion_state":0,"options":{"engine":"r","label":"unnamed-chunk-5"},"row":81,"row_count":1,"visible":true}],"doc_write_time":1513864078}