{"chunk_definitions":[{"chunk_id":"cs98wa6aywbws","chunk_label":"unnamed-chunk-1","document_id":"FF9B328D","expansion_state":0,"options":{"engine":"r","label":"unnamed-chunk-1","message":false},"row":9,"row_count":1,"visible":true},{"chunk_id":"cq3hyy2zt3068","chunk_label":"unnamed-chunk-2","document_id":"FF9B328D","expansion_state":0,"options":{"engine":"r","label":"unnamed-chunk-2"},"row":20,"row_count":1,"visible":true},{"chunk_id":"ciz4oxfpb6uuv","chunk_label":"unnamed-chunk-3","document_id":"FF9B328D","expansion_state":0,"options":{"engine":"r","label":"unnamed-chunk-3"},"row":25,"row_count":1,"visible":true},{"chunk_id":"cd27srdr7mo7o","chunk_label":"unnamed-chunk-4","document_id":"FF9B328D","expansion_state":0,"options":{"engine":"r","label":"unnamed-chunk-4"},"row":43,"row_count":1,"visible":true},{"chunk_id":"cdqoflgu991l1","chunk_label":"unnamed-chunk-5","document_id":"FF9B328D","expansion_state":0,"options":{"engine":"r","label":"unnamed-chunk-5"},"row":52,"row_count":1,"visible":true},{"chunk_id":"cl1xffpkq767n","chunk_label":"unnamed-chunk-6","document_id":"FF9B328D","expansion_state":0,"options":{"engine":"r","label":"unnamed-chunk-6"},"row":97,"row_count":1,"visible":true},{"chunk_id":"cv9bf3q4i9z8y","chunk_label":"unnamed-chunk-7","document_id":"FF9B328D","expansion_state":0,"options":{"engine":"r","label":"unnamed-chunk-7"},"row":105,"row_count":1,"visible":true},{"chunk_id":"cinek856cssct","chunk_label":"unnamed-chunk-8","document_id":"FF9B328D","expansion_state":0,"options":{"engine":"r","label":"unnamed-chunk-8","message":false},"row":129,"row_count":1,"visible":true},{"chunk_id":"cd558lhuz1wet","chunk_label":"unnamed-chunk-9","document_id":"FF9B328D","expansion_state":0,"options":{"engine":"r","label":"unnamed-chunk-9"},"row":142,"row_count":1,"visible":true},{"chunk_id":"cas24x293h57g","chunk_label":"unnamed-chunk-10","document_id":"FF9B328D","expansion_state":0,"options":{"engine":"r","label":"unnamed-chunk-10"},"row":151,"row_count":1,"visible":true},{"chunk_id":"cf3eueg9qnb4z","chunk_label":"unnamed-chunk-11","document_id":"FF9B328D","expansion_state":0,"options":{"engine":"r","label":"unnamed-chunk-11"},"row":160,"row_count":1,"visible":true},{"chunk_id":"cmkj7qu99amdb","chunk_label":"unnamed-chunk-12","document_id":"FF9B328D","expansion_state":0,"options":{"engine":"r","label":"unnamed-chunk-12"},"row":169,"row_count":1,"visible":true},{"chunk_id":"c7saofxdihlbz","chunk_label":"unnamed-chunk-13","document_id":"FF9B328D","expansion_state":0,"options":{"engine":"r","label":"unnamed-chunk-13"},"row":178,"row_count":1,"visible":true},{"chunk_id":"cbblqwif42mh0","chunk_label":"unnamed-chunk-14","document_id":"FF9B328D","expansion_state":0,"options":{"engine":"r","label":"unnamed-chunk-14"},"row":189,"row_count":1,"visible":true},{"chunk_id":"ce854zfnjctri","chunk_label":"unnamed-chunk-15","document_id":"FF9B328D","expansion_state":0,"options":{"engine":"r","label":"unnamed-chunk-15"},"row":198,"row_count":1,"visible":true},{"chunk_id":"chnv3zhnbbi3i","chunk_label":"unnamed-chunk-16","document_id":"FF9B328D","expansion_state":0,"options":{"engine":"r","label":"unnamed-chunk-16"},"row":209,"row_count":1,"visible":true},{"chunk_id":"c5d3er13897pv","chunk_label":"unnamed-chunk-17","document_id":"FF9B328D","expansion_state":0,"options":{"engine":"r","label":"unnamed-chunk-17"},"row":218,"row_count":1,"visible":true}],"doc_write_time":1515495999}