{"chunk_definitions":[{"chunk_id":"ci27nawnx8tdh","chunk_label":"unnamed-chunk-1","document_id":"FE33949C","expansion_state":0,"options":{"engine":"r","label":"unnamed-chunk-1"},"row":7,"row_count":1,"visible":true},{"chunk_id":"cf96jlmsnkdbl","chunk_label":"unnamed-chunk-2","document_id":"FE33949C","expansion_state":0,"options":{"engine":"r","label":"unnamed-chunk-2"},"row":21,"row_count":1,"visible":true},{"chunk_id":"c91grt3zphz0u","chunk_label":"unnamed-chunk-3","document_id":"FE33949C","expansion_state":0,"options":{"engine":"r","label":"unnamed-chunk-3"},"row":26,"row_count":1,"visible":true},{"chunk_id":"cw1qu16nwacbk","chunk_label":"unnamed-chunk-4","document_id":"FE33949C","expansion_state":0,"options":{"engine":"r","label":"unnamed-chunk-4"},"row":43,"row_count":1,"visible":true},{"chunk_id":"cysg6o4henhm5","chunk_label":"unnamed-chunk-5","document_id":"FE33949C","expansion_state":0,"options":{"engine":"r","label":"unnamed-chunk-5"},"row":58,"row_count":1,"visible":true},{"chunk_id":"chrt57gp6x7d8","chunk_label":"unnamed-chunk-6","document_id":"FE33949C","expansion_state":0,"options":{},"row":66,"row_count":1,"visible":true},{"chunk_id":"cb3ah5ppv444q","chunk_label":"unnamed-chunk-7","document_id":"FE33949C","expansion_state":0,"options":{},"row":71,"row_count":1,"visible":true},{"chunk_id":"cecs0gkmx3x7r","chunk_label":"unnamed-chunk-8","document_id":"FE33949C","expansion_state":0,"options":{},"row":87,"row_count":1,"visible":true},{"chunk_id":"cr8ap9lhd2rk8","chunk_label":"unnamed-chunk-9","document_id":"FE33949C","expansion_state":0,"options":{},"row":101,"row_count":1,"visible":true},{"chunk_id":"cs0twv8bqdwbi","chunk_label":"unnamed-chunk-10","document_id":"FE33949C","expansion_state":0,"options":{},"row":117,"row_count":1,"visible":true},{"chunk_id":"cpljgq0gupd5z","chunk_label":"unnamed-chunk-11","document_id":"FE33949C","expansion_state":0,"options":{},"row":126,"row_count":1,"visible":true},{"chunk_id":"cepuf7kmuhrjq","chunk_label":"unnamed-chunk-12","document_id":"FE33949C","expansion_state":0,"options":{},"row":136,"row_count":1,"visible":true},{"chunk_id":"callq977ev0v4","chunk_label":"unnamed-chunk-13","document_id":"FE33949C","expansion_state":0,"options":{},"row":147,"row_count":1,"visible":true},{"chunk_id":"cqsjhi8zovps0","chunk_label":"unnamed-chunk-14","document_id":"FE33949C","expansion_state":0,"options":{},"row":164,"row_count":1,"visible":true},{"chunk_id":"c3hf1zhc143an","chunk_label":"unnamed-chunk-15","document_id":"FE33949C","expansion_state":0,"options":{},"row":173,"row_count":1,"visible":true}],"doc_write_time":1515705570}