"0","schroeder25_svm_c <- c(1-faces_svm(schroeder25, schroeder75), faces_svm(rumsfeld25, schroeder75), faces_svm(blair25, schroeder75), faces_svm(powell25, schroeder75), faces_svm(bush25, schroeder75))"
"0","rumsfeld25_svm_c <- c(faces_svm(schroeder25, rumsfeld75), 1-faces_svm(rumsfeld25, rumsfeld75), faces_svm(blair25, rumsfeld75), faces_svm(powell25, rumsfeld75), faces_svm(bush25, rumsfeld75))"
"0","blair25_svm_c <- c(faces_svm(schroeder25, blair75), faces_svm(rumsfeld25, blair75), 1-faces_svm(blair25, blair75), faces_svm(powell25, blair75), faces_svm(bush25, blair75))"
"0","powell25_svm_c <- c(faces_svm(schroeder25, powell75), faces_svm(rumsfeld25, powell75), faces_svm(blair25, powell75), 1-faces_svm(powell25, powell75), faces_svm(bush25, powell75))"
"0","bush25_svm_c <- c(faces_svm(schroeder25, bush75), faces_svm(rumsfeld25, bush75), faces_svm(blair25, bush75), faces_svm(powell25, bush75), 1-faces_svm(bush25, bush75))"
"0","faces25_svm <- as.data.frame(matrix(c(schroeder25_svm_c, rumsfeld25_svm_c, blair25_svm_c, powell25_svm_c, bush25_svm_c), nrow=5))"
"0","rownames(faces25_svm) <- names(faces25_svm) <- c(""Schroeder"", ""Rumsfeld"", ""Blair"", ""Powell"", ""Bush"")"
"0","faces25_svm"
