"0","schroeder5_svm_c <- c(1-faces_svm(schroeder5, schroeder75), faces_svm(rumsfeld5, schroeder75), faces_svm(blair5, schroeder75), faces_svm(powell5, schroeder75), faces_svm(bush5, schroeder75))"
"0","rumsfeld5_svm_c <- c(faces_svm(schroeder5, rumsfeld75), 1-faces_svm(rumsfeld5, rumsfeld75), faces_svm(blair5, rumsfeld75), faces_svm(powell5, rumsfeld75), faces_svm(bush5, rumsfeld75))"
"0","blair5_svm_c <- c(faces_svm(schroeder5, blair75), faces_svm(rumsfeld5, blair75), 1-faces_svm(blair5, blair75), faces_svm(powell5, blair75), faces_svm(bush5, blair75))"
"0","powell5_svm_c <- c(faces_svm(schroeder5, powell75), faces_svm(rumsfeld5, powell75), faces_svm(blair5, powell75), 1-faces_svm(powell5, powell75), faces_svm(bush5, powell75))"
"0","bush5_svm_c <- c(faces_svm(schroeder5, bush75), faces_svm(rumsfeld5, bush75), faces_svm(blair5, bush75), faces_svm(powell5, bush75), 1-faces_svm(bush5, bush75))"
"0","faces5_svm <- as.data.frame(matrix(c(schroeder5_svm_c, rumsfeld5_svm_c, blair5_svm_c, powell5_svm_c, bush5_svm_c), nrow=5))"
"0","rownames(faces5_svm) <- names(faces5_svm) <- c(""Schroeder"", ""Rumsfeld"", ""Blair"", ""Powell"", ""Bush"")"
"0","faces5_svm"
