"0","pvalues <- numeric(n_tests)"
"0","for (i in 1:n_tests) {"
"0","    # 20 x 200"
"0","    nonhomogeneous_data <- rbind(matrix(rnorm(2000, mean = 0, sd = 2), ncol = 100),"
"0","                                 matrix(rnorm(2000, mean = 5, sd = 2), ncol = 100))"
"0","                                 "
"0","    distance_matrix <- as.matrix(dist(nonhomogeneous_data))"
"0","    is_homogenous <- is_homo(distance_matrix)"
"0","    "
"0","    pvalues[i] <- is_homogenous$p.MaxTest"
"0","    "
"0","    if (loading && i %% loading_checkpoint == 0) {"
"0","        print(paste0(""["", strrep(""="", i/loading_checkpoint), strrep("" "", 10-(i/loading_checkpoint)), ""]""))"
"0","    }"
"0","}"
"0","cat(""Proportion of p-values < 0.05:"", sum(pvalues < 0.05)/n_tests, ""\n"")"
"1","Proportion of p-values < 0.05:"
"1"," "
"1","1"
"1"," "
"1","
"
"0","cat(""Proportion of p-values < 0.10:"", sum(pvalues < 0.10)/n_tests, ""\n"")"
"1","Proportion of p-values < 0.10:"
"1"," "
"1","1"
"1"," "
"1","
"
