"0","if (load_data) {"
"0","    schroeder75 <- readr::read_csv(""~/lfw/repr2/schroeder75.csv"", col_names = FALSE)"
"0","    schroeder25 <- readr::read_csv(""~/lfw/repr2/schroeder25.csv"", col_names = FALSE)"
"0","    rumsfeld75 <- readr::read_csv(""~/lfw/repr2/rumsfeld75.csv"", col_names = FALSE)"
"0","    rumsfeld25 <- readr::read_csv(""~/lfw/repr2/rumsfeld25.csv"", col_names = FALSE)"
"0","    blair75 <- readr::read_csv(""~/lfw/repr2/blair75.csv"", col_names = FALSE)"
"0","    blair25 <- readr::read_csv(""~/lfw/repr2/blair25.csv"", col_names = FALSE)"
"0","    powell75 <- readr::read_csv(""~/lfw/repr2/powell75.csv"", col_names = FALSE)"
"0","    powell25 <- readr::read_csv(""~/lfw/repr2/powell25.csv"", col_names = FALSE)"
"0","    bush75 <- readr::read_csv(""~/lfw/repr2/bush75.csv"", col_names = FALSE)"
"0","    bush25 <- readr::read_csv(""~/lfw/repr2/bush25.csv"", col_names = FALSE)"
"0","    "
"0","    schroeder100 <- rbind(schroeder25, schroeder75)"
"0","    rumsfeld100 <- rbind(rumsfeld25, rumsfeld75)"
"0","    blair100 <- rbind(blair25, blair75)"
"0","    powell100 <- rbind(powell25, powell75)"
"0","    bush100 <- rbind(bush25, bush75)"
"0","}"
