"0","schroeder15_svm_c <- c(1-faces_svm(schroeder15, schroeder75), faces_svm(rumsfeld15, schroeder75), faces_svm(blair15, schroeder75), faces_svm(powell15, schroeder75), faces_svm(bush15, schroeder75))"
"0","rumsfeld15_svm_c <- c(faces_svm(schroeder15, rumsfeld75), 1-faces_svm(rumsfeld15, rumsfeld75), faces_svm(blair15, rumsfeld75), faces_svm(powell15, rumsfeld75), faces_svm(bush15, rumsfeld75))"
"0","blair15_svm_c <- c(faces_svm(schroeder15, blair75), faces_svm(rumsfeld15, blair75), 1-faces_svm(blair15, blair75), faces_svm(powell15, blair75), faces_svm(bush15, blair75))"
"0","powell15_svm_c <- c(faces_svm(schroeder15, powell75), faces_svm(rumsfeld15, powell75), faces_svm(blair15, powell75), 1-faces_svm(powell15, powell75), faces_svm(bush15, powell75))"
"0","bush15_svm_c <- c(faces_svm(schroeder15, bush75), faces_svm(rumsfeld15, bush75), faces_svm(blair15, bush75), faces_svm(powell15, bush75), 1-faces_svm(bush15, bush75))"
"0","faces15_svm <- as.data.frame(matrix(c(schroeder15_svm_c, rumsfeld15_svm_c, blair15_svm_c, powell15_svm_c, bush15_svm_c), nrow=5))"
"0","rownames(faces15_svm) <- names(faces15_svm) <- c(""Schroeder"", ""Rumsfeld"", ""Blair"", ""Powell"", ""Bush"")"
"0","faces15_svm"
