{"chunk_definitions":[{"chunk_id":"cgzccq8er3ion","chunk_label":"unnamed-chunk-1","document_id":"60F29034","expansion_state":0,"options":{"engine":"r","label":"unnamed-chunk-1"},"row":7,"row_count":1,"visible":true},{"chunk_id":"cpy4w0y5m5csh","chunk_label":"unnamed-chunk-2","document_id":"60F29034","expansion_state":0,"options":{"engine":"r","label":"unnamed-chunk-2"},"row":19,"row_count":1,"visible":true},{"chunk_id":"c0fh32i3rvi0j","chunk_label":"unnamed-chunk-3","document_id":"60F29034","expansion_state":0,"options":{"engine":"r","label":"unnamed-chunk-3"},"row":24,"row_count":1,"visible":true},{"chunk_id":"cymk3cmrmciij","chunk_label":"unnamed-chunk-4","document_id":"60F29034","expansion_state":0,"options":{"engine":"r","label":"unnamed-chunk-4"},"row":44,"row_count":1,"visible":true},{"chunk_id":"cxir5691422s0","chunk_label":"unnamed-chunk-5","document_id":"60F29034","expansion_state":0,"options":{"engine":"r","label":"unnamed-chunk-5"},"row":74,"row_count":1,"visible":true},{"chunk_id":"cltbmh8k878fs","chunk_label":"unnamed-chunk-6","document_id":"60F29034","expansion_state":0,"options":{"engine":"r","label":"unnamed-chunk-6"},"row":78,"row_count":1,"visible":true}],"doc_write_time":1515413137}