{"chunk_definitions":[{"chunk_id":"ci870hqoi39dy","chunk_label":"unnamed-chunk-1","document_id":"FE33949C","expansion_state":0,"options":{"engine":"r","label":"unnamed-chunk-1"},"row":7,"row_count":1,"visible":true},{"chunk_id":"c9sudnkey5j7v","chunk_label":"unnamed-chunk-2","document_id":"FE33949C","expansion_state":0,"options":{"engine":"r","label":"unnamed-chunk-2"},"row":21,"row_count":1,"visible":true},{"chunk_id":"cx6e3qz1tuuar","chunk_label":"unnamed-chunk-3","document_id":"FE33949C","expansion_state":0,"options":{"engine":"r","label":"unnamed-chunk-3"},"row":26,"row_count":1,"visible":true},{"chunk_id":"cb9uth1xgegnt","chunk_label":"unnamed-chunk-4","document_id":"FE33949C","expansion_state":0,"options":{"engine":"r","label":"unnamed-chunk-4"},"row":43,"row_count":1,"visible":true},{"chunk_id":"cv6419upqcowm","chunk_label":"unnamed-chunk-5","document_id":"FE33949C","expansion_state":0,"options":{"engine":"r","label":"unnamed-chunk-5"},"row":58,"row_count":1,"visible":true},{"chunk_id":"ct84s8hs22zem","chunk_label":"unnamed-chunk-6","document_id":"FE33949C","expansion_state":0,"options":{"engine":"r","include":false,"label":"unnamed-chunk-6"},"row":66,"row_count":1,"visible":true},{"chunk_id":"cewja28rf0jzp","chunk_label":"unnamed-chunk-7","document_id":"FE33949C","expansion_state":0,"options":{"engine":"r","label":"unnamed-chunk-7"},"row":71,"row_count":1,"visible":true},{"chunk_id":"ctq4a34ognzq7","chunk_label":"unnamed-chunk-8","document_id":"FE33949C","expansion_state":0,"options":{"engine":"r","label":"unnamed-chunk-8"},"row":87,"row_count":1,"visible":true},{"chunk_id":"ca0ipgpl1ez9d","chunk_label":"unnamed-chunk-9","document_id":"FE33949C","expansion_state":0,"options":{"engine":"r","label":"unnamed-chunk-9"},"row":101,"row_count":1,"visible":true},{"chunk_id":"c4thkacua7m5m","chunk_label":"unnamed-chunk-10","document_id":"FE33949C","expansion_state":0,"options":{"engine":"r","label":"unnamed-chunk-10"},"row":117,"row_count":1,"visible":true},{"chunk_id":"cy93bdo0misbi","chunk_label":"unnamed-chunk-11","document_id":"FE33949C","expansion_state":0,"options":{"engine":"r","label":"unnamed-chunk-11","warning":false},"row":126,"row_count":1,"visible":true},{"chunk_id":"c3zx2mekvm6mj","chunk_label":"unnamed-chunk-12","document_id":"FE33949C","expansion_state":0,"options":{"engine":"r","label":"unnamed-chunk-12","message":false},"row":136,"row_count":1,"visible":true},{"chunk_id":"cmuznldcqqhm8","chunk_label":"unnamed-chunk-13","document_id":"FE33949C","expansion_state":0,"options":{"engine":"r","label":"unnamed-chunk-13"},"row":147,"row_count":1,"visible":true},{"chunk_id":"ctt0818bsq56j","chunk_label":"unnamed-chunk-14","document_id":"FE33949C","expansion_state":0,"options":{"engine":"r","label":"unnamed-chunk-14"},"row":164,"row_count":1,"visible":true},{"chunk_id":"c1cf5nli5i6e4","chunk_label":"unnamed-chunk-15","document_id":"FE33949C","expansion_state":0,"options":{},"row":173,"row_count":1,"visible":true}],"doc_write_time":1515705083}