"0","homogeneity_sim <- function(n, L, mu, n_tests=1000) {"
"0","    pvalues <- numeric(n_tests)"
"0","    for (i in 1:n_tests)  {"
"0","        data <- rbind(matrix(rnorm(n * L, mean = 0, sd = 1), ncol = L),"
"0","                      matrix(rnorm(L, mean = mu, sd = 1), ncol = L))"
"0","        distance_matrix <- as.matrix(dist(data))"
"0","        is_homogenous <- is_homo(distance_matrix)"
"0","        "
"0","        pvalues[i] <- is_homogenous$p.MaxTest"
"0","    }"
"0","    "
"0","    return(c(sum(pvalues < 0.05)/n_tests, sum(pvalues < 0.10)/n_tests))"
"0","}"
