"0","result_sim <- list()"
"0","for (mu_idx in seq_along(mu_values)) {"
"0","    pvalues_at5 <- data.frame()"
"0","    pvalues_at10 <- data.frame()"
"0","    "
"0","    for (n_idx in seq_along(n_values)) {"
"0","        for (L_idx in seq_along(L_values)) {"
"0","            results <- homogeneity_sim(n_values[n_idx], L_values[L_idx], mu_values[mu_idx], n_tests)"
"0","            pvalues_at5[n_idx, L_idx] <- results[1]"
"0","            pvalues_at10[n_idx, L_idx] <- results[2]"
"0","        }"
"0","    }"
"0","    "
"0","    rownames(pvalues_at5) <- rownames(pvalues_at10) <- sapply(n_values, as.character)"
"0","    colnames(pvalues_at5) <- colnames(pvalues_at10) <- sapply(L_values, as.character)"
"0","    "
"0","    idx_at5 <- paste0(as.character(mu_values[mu_idx]), ""@5"")"
"0","    idx_at10 <- paste0(as.character(mu_values[mu_idx]), ""@10"")"
"0","    "
"0","    result_sim[[idx_at5]] <- pvalues_at5"
"0","    result_sim[[idx_at10]] <- pvalues_at10"
"0","}"
