"0","schroeder25_c <- c(1-faces_sim(schroeder25, schroeder75), faces_sim(rumsfeld25, schroeder75), faces_sim(blair25, schroeder75), faces_sim(powell25, schroeder75), faces_sim(bush25, schroeder75))"
"0","rumsfeld25_c <- c(faces_sim(schroeder25, rumsfeld75), 1-faces_sim(rumsfeld25, rumsfeld75), faces_sim(blair25, rumsfeld75), faces_sim(powell25, rumsfeld75), faces_sim(bush25, rumsfeld75))"
"0","blair25_c <- c(faces_sim(schroeder25, blair75), faces_sim(rumsfeld25, blair75), 1-faces_sim(blair25, blair75), faces_sim(powell25, blair75), faces_sim(bush25, blair75))"
"0","powell25_c <- c(faces_sim(schroeder25, powell75), faces_sim(rumsfeld25, powell75), faces_sim(blair25, powell75), 1-faces_sim(powell25, powell75), faces_sim(bush25, powell75))"
"0","bush25_c <- c(faces_sim(schroeder25, bush75), faces_sim(rumsfeld25, bush75), faces_sim(blair25, bush75), faces_sim(powell25, bush75), 1-faces_sim(bush25, bush75))"
"0","faces25 <- as.data.frame(matrix(c(schroeder25_c, rumsfeld25_c, blair25_c, powell25_c, bush25_c), nrow=5))"
"0","rownames(faces25) <- names(faces25) <- c(""Schroeder"", ""Rumsfeld"", ""Blair"", ""Powell"", ""Bush"")"
"0","faces25"
