"0","if (load_data) {"
"0","    schroeder75 <- readr::read_csv(""~/lfw/repr2/schroeder75.csv"", col_names = FALSE)"
"0","    schroeder5 <- readr::read_csv(""~/lfw/repr2/schroeder5.csv"", col_names = FALSE)"
"0","    schroeder15 <- readr::read_csv(""~/lfw/repr2/schroeder15.csv"", col_names = FALSE)"
"0","    schroeder25 <- readr::read_csv(""~/lfw/repr2/schroeder25.csv"", col_names = FALSE)"
"0","    rumsfeld75 <- readr::read_csv(""~/lfw/repr2/rumsfeld75.csv"", col_names = FALSE)"
"0","    rumsfeld5 <- readr::read_csv(""~/lfw/repr2/rumsfeld5.csv"", col_names = FALSE)"
"0","    rumsfeld15 <- readr::read_csv(""~/lfw/repr2/rumsfeld15.csv"", col_names = FALSE)"
"0","    rumsfeld25 <- readr::read_csv(""~/lfw/repr2/rumsfeld25.csv"", col_names = FALSE)"
"0","    blair75 <- readr::read_csv(""~/lfw/repr2/blair75.csv"", col_names = FALSE)"
"0","    blair5 <- readr::read_csv(""~/lfw/repr2/blair5.csv"", col_names = FALSE)"
"0","    blair15 <- readr::read_csv(""~/lfw/repr2/blair15.csv"", col_names = FALSE)"
"0","    blair25 <- readr::read_csv(""~/lfw/repr2/blair25.csv"", col_names = FALSE)"
"0","    powell75 <- readr::read_csv(""~/lfw/repr2/powell75.csv"", col_names = FALSE)"
"0","    powell5 <- readr::read_csv(""~/lfw/repr2/powell5.csv"", col_names = FALSE)"
"0","    powell15 <- readr::read_csv(""~/lfw/repr2/powell15.csv"", col_names = FALSE)"
"0","    powell25 <- readr::read_csv(""~/lfw/repr2/powell25.csv"", col_names = FALSE)"
"0","    bush75 <- readr::read_csv(""~/lfw/repr2/bush75.csv"", col_names = FALSE)"
"0","    bush5 <- readr::read_csv(""~/lfw/repr2/bush5.csv"", col_names = FALSE)"
"0","    bush15 <- readr::read_csv(""~/lfw/repr2/bush15.csv"", col_names = FALSE)"
"0","    bush25 <- readr::read_csv(""~/lfw/repr2/bush25.csv"", col_names = FALSE)"
"0","}"
