{"chunk_definitions":[{"chunk_id":"c5l82htyiy923","chunk_label":"unnamed-chunk-1","document_id":"60F29034","expansion_state":0,"options":{"engine":"r","label":"unnamed-chunk-1"},"row":7,"row_count":1,"visible":true},{"chunk_id":"cl95pdd5eqsd0","chunk_label":"unnamed-chunk-2","document_id":"60F29034","expansion_state":0,"options":{"engine":"r","label":"unnamed-chunk-2"},"row":19,"row_count":1,"visible":true},{"chunk_id":"c183nxr2p3xzn","chunk_label":"unnamed-chunk-3","document_id":"60F29034","expansion_state":0,"options":{"engine":"r","label":"unnamed-chunk-3"},"row":24,"row_count":1,"visible":true},{"chunk_id":"cwnk6mg9j3pp2","chunk_label":"unnamed-chunk-4","document_id":"60F29034","expansion_state":0,"options":{"engine":"r","label":"unnamed-chunk-4"},"row":44,"row_count":1,"visible":true},{"chunk_id":"cuepzvj8kcpwe","chunk_label":"unnamed-chunk-5","document_id":"60F29034","expansion_state":0,"options":{"engine":"r","label":"unnamed-chunk-5"},"row":74,"row_count":1,"visible":true},{"chunk_id":"cu3vvk2m2uzuu","chunk_label":"unnamed-chunk-6","document_id":"60F29034","expansion_state":0,"options":{"engine":"r","label":"unnamed-chunk-6"},"row":78,"row_count":1,"visible":true}],"doc_write_time":1515374731}