"0","faces_sim_bootstrap <- function(normal, novel, training_size, novel_size, repetitions = 1000) {"
"0","    accuracies_svm <- matrix(nrow = repetitions, ncol = 5)"
"0","    accuracies_utest <- matrix(nrow = repetitions, ncol = 5)"
"0","    "
"0","    novel1 <- novel[1:novel_size, ]"
"0","    novel2 <- novel[(1*novel_size+1):(2*novel_size), ]"
"0","    novel3 <- novel[(2*novel_size+1):(3*novel_size), ]"
"0","    novel4 <- novel[(3*novel_size+1):(4*novel_size), ]"
"0","    "
"0","    for (i in 1:repetitions) {"
"0","        training_idx <- sample(1:nrow(normal), training_size, replace = FALSE)"
"0","        training_data <- normal[training_idx, ]"
"0","        normal_test <- normal[-training_idx, ]"
"0","        "
"0","        hits_positive_svm <- faces_svm(training_data, normal_test, TRUE)"
"0","        hits_negative1_svm <- faces_svm(training_data, novel1, FALSE)"
"0","        hits_negative2_svm <- faces_svm(training_data, novel2, FALSE)"
"0","        hits_negative3_svm <- faces_svm(training_data, novel3, FALSE)"
"0","        hits_negative4_svm <- faces_svm(training_data, novel4, FALSE)"
"0","        "
"0","        accuracies_svm[i, ] <- c((hits_positive_svm/nrow(normal_test)),"
"0","                                 (hits_negative1_svm/novel_size),"
"0","                                 (hits_negative2_svm/novel_size),"
"0","                                 (hits_negative3_svm/novel_size),"
"0","                                 (hits_negative4_svm/novel_size))"
"0","        "
"0","        hits_positive_utest <- faces_sim(training_data, normal_test)"
"0","        hits_negative1_utest <- faces_sim(training_data, novel1)"
"0","        hits_negative2_utest <- faces_sim(training_data, novel2)"
"0","        hits_negative3_utest <- faces_sim(training_data, novel3)"
"0","        hits_negative4_utest <- faces_sim(training_data, novel4)"
"0","        "
"0","        accuracies_utest[i, ] <- c((1-(hits_positive_utest/nrow(normal_test))),"
"0","                                   (hits_negative1_utest/novel_size),"
"0","                                   (hits_negative2_utest/novel_size),"
"0","                                   (hits_negative3_utest/novel_size),"
"0","                                   (hits_negative4_utest/novel_size))"
"0","    }"
"0","    "
"0","    return(list(colMeans(accuracies_svm), apply(accuracies_svm, 2, sd),"
"0","                colMeans(accuracies_utest), apply(accuracies_utest, 2, sd)))"
"0","}"
