{"chunk_definitions":[{"chunk_id":"c1q6wobl1foxv","chunk_label":"unnamed-chunk-1","document_id":"59F61218","expansion_state":0,"options":{"engine":"r","label":"unnamed-chunk-1"},"row":8,"row_count":1,"visible":true},{"chunk_id":"ctffof6g8ksir","chunk_label":"unnamed-chunk-2","document_id":"59F61218","expansion_state":0,"options":{"engine":"r","label":"unnamed-chunk-2"},"row":17,"row_count":1,"visible":true},{"chunk_id":"cijmm1kivyqrv","chunk_label":"unnamed-chunk-3","document_id":"59F61218","expansion_state":0,"options":{"engine":"r","label":"unnamed-chunk-3"},"row":22,"row_count":1,"visible":true},{"chunk_id":"cn81yww0j74qo","chunk_label":"unnamed-chunk-4","document_id":"59F61218","expansion_state":0,"options":{"engine":"r","label":"unnamed-chunk-4"},"row":40,"row_count":1,"visible":true},{"chunk_id":"ciolx33tqdozv","chunk_label":"unnamed-chunk-5","document_id":"59F61218","expansion_state":0,"options":{"engine":"r","label":"unnamed-chunk-5"},"row":49,"row_count":1,"visible":true},{"chunk_id":"cjbvcm0dltrrp","chunk_label":"unnamed-chunk-6","document_id":"59F61218","expansion_state":0,"options":{"engine":"r","label":"unnamed-chunk-2","message":false},"row":76,"row_count":1,"visible":true},{"chunk_id":"cvl2f97893e10","chunk_label":"unnamed-chunk-7","document_id":"59F61218","expansion_state":0,"options":{"engine":"r","label":"unnamed-chunk-7"},"row":99,"row_count":1,"visible":true},{"chunk_id":"c71lwwr5can7m","chunk_label":"unnamed-chunk-8","document_id":"59F61218","expansion_state":0,"options":{"engine":"r","label":"unnamed-chunk-8"},"row":118,"row_count":1,"visible":true},{"chunk_id":"cvurb640oja6f","chunk_label":"unnamed-chunk-9","document_id":"59F61218","expansion_state":0,"options":{"engine":"r","label":"unnamed-chunk-9"},"row":139,"row_count":1,"visible":true},{"chunk_id":"c44gn4rs866jh","chunk_label":"unnamed-chunk-10","document_id":"59F61218","expansion_state":0,"options":{"engine":"r","label":"unnamed-chunk-10"},"row":158,"row_count":1,"visible":true},{"chunk_id":"c5a9c4ado3yjt","chunk_label":"unnamed-chunk-11","document_id":"59F61218","expansion_state":0,"options":{"engine":"r","label":"unnamed-chunk-11"},"row":179,"row_count":1,"visible":true},{"chunk_id":"crhm90i2xhl4n","chunk_label":"unnamed-chunk-12","document_id":"59F61218","expansion_state":0,"options":{"engine":"r","label":"unnamed-chunk-12"},"row":198,"row_count":1,"visible":true}],"doc_write_time":1515292672}