{"chunk_definitions":[{"chunk_id":"c4o1kwiafnanu","chunk_label":"unnamed-chunk-1","document_id":"7375F244","expansion_state":0,"options":{"engine":"r","label":"unnamed-chunk-1"},"row":7,"row_count":1,"visible":true},{"chunk_id":"cf7jhbxemp4iz","chunk_label":"unnamed-chunk-2","document_id":"7375F244","expansion_state":0,"options":{"engine":"r","label":"unnamed-chunk-2"},"row":15,"row_count":1,"visible":true},{"chunk_id":"ca92ikurw5680","chunk_label":"unnamed-chunk-3","document_id":"7375F244","expansion_state":0,"options":{"engine":"r","label":"unnamed-chunk-3"},"row":19,"row_count":1,"visible":true},{"chunk_id":"ctdnud39skhvp","chunk_label":"unnamed-chunk-4","document_id":"7375F244","expansion_state":0,"options":{"engine":"r","label":"unnamed-chunk-4"},"row":45,"row_count":1,"visible":true},{"chunk_id":"crpyx5n8ljjj2","chunk_label":"unnamed-chunk-5","document_id":"7375F244","expansion_state":0,"options":{"engine":"r","label":"unnamed-chunk-5"},"row":69,"row_count":1,"visible":true}],"doc_write_time":1513864241}