"0","Bn_mean <- as.data.frame(as.vector(colMeans(df_result)))"
"0","rownames(Bn_mean) <- names(df_result)"
"0","Bn_mean <- rbind(filter(Bn_mean, str_detect(rownames(Bn_mean), ""^15/"") == TRUE)[[1]],"
"0","                 filter(Bn_mean, str_detect(rownames(Bn_mean), ""^20/"") == TRUE)[[1]],"
"0","                 filter(Bn_mean, str_detect(rownames(Bn_mean), ""^25/"") == TRUE)[[1]],"
"0","                 filter(Bn_mean, str_detect(rownames(Bn_mean), ""^30/"") == TRUE)[[1]])"
"0","Bn_mean <- as.data.frame(Bn_mean)"
"0","names(Bn_mean) <- sapply(L_values, str_c)"
"0","rownames(Bn_mean) <- sapply(n_values, str_c)"
"0","Bn_mean"
